giorno,canale,formato,tema,stato,fonte_verificata,url_pubblicato,visualizzazioni,clic,richieste,ordini_confermati,note
1,,video,problema,bozza,,,,,,
2,,carosello,tre_controlli,bozza,,,,,,
3,,video,dimostrazione,bozza,,,,,,
4,,video,per_chi_non_e,bozza,,,,,,
5,,carosello,costo_totale,bozza,,,,,,
6,,video,tutorial,bozza,,,,,,
7,,post,faq,bozza,,,,,,
8,,carosello,confronto,bozza,,,,,,
9,,video,verifica_fonti,bozza,,,,,,
10,,video,errore_comune,bozza,,,,,,
11,,video,caso_uso,bozza,,,,,,
12,,carosello,faq_acquisto,bozza,,,,,,
13,,carosello,checklist,bozza,,,,,,
14,,video,riepilogo,bozza,,,,,,
